<?xml version="1.0" encoding="UTF-8" standalone="yes"?>
<addon id="repository.matiasstorm" name="MatiasStorm Repository" version="2.2" provider-name="MatiasStorm">
    <extension point="xbmc.addon.repository" name="MatiasStorm Repository">
        <dir>
            <info compressed="false">https://raw.githubusercontent.com/matiasstorm/repository.matiasstorm/main/repo/zips/addons.xml</info>
            <checksum>https://raw.githubusercontent.com/matiasstorm/repository.matiasstorm/main/repo/zips/addons.xml.md5</checksum>
            <datadir zip="true">https://raw.githubusercontent.com/matiasstorm/repository.matiasstorm/main/repo/zips/</datadir>
        </dir>
    </extension>
    <extension point="xbmc.addon.metadata">
        <summary>repository.matiasstorm</summary>
        <description>A repository for my addons</description>
        <disclaimer></disclaimer>
        <platform>all</platform>
        <assets>
            <icon>icon.png</icon>
        </assets>
    </extension>
</addon>
