<?xml version="1.0" encoding="UTF-8" standalone="yes"?>
<addon id="plugin.video.tv2play" name="TV2 Play" version="0.0.6" provider-name="Matias Storm">
    <requires>
        <!-- <import addon="xbmc.python" version="2.25.0"/> -->
        <import addon="script.module.inputstreamhelper" version="0.5.2"/>
        <import addon="script.module.requests" version="2.9.1"/>
        <import addon="script.module.beautifulsoup4" version="4.6.2"/> 
    </requires>
    <extension point="xbmc.python.pluginsource" library="main.py">
        <provides>video</provides>
    </extension>
    <extension point="xbmc.addon.metadata">
        <summary lang="en_GB">Playes live TV and other programs from TV2 play</summary>
        <description lang="en_GB"></description>
        <language></language>
        <platform>all</platform>
        <reuselanguageinvoker>false</reuselanguageinvoker>
        <license>MIT</license>
        <forum></forum>
        <email></email>
        <source>https://github.com/MatiasStorm/plugin.video.tv2play</source>
        <news></news>
        <disclaimer></disclaimer>
        <assets>
            <icon>resources/icon.png</icon>
            <fanart>resources/fanart.jpg</fanart>
        </assets>
    </extension>
</addon>
